{
  "version": 1,
  "feature_count": 26,
  "feature_names": [
    "ang2D",
    "ang3D",
    "ua_len_2d",
    "fa_len_2d",
    "ua_len_3d",
    "fa_len_3d",
    "dz_share_ua",
    "dz_share_fa",
    "len_ratio_2d",
    "dz_sign_diff",
    "facing_ratio",
    "shoulder_w_norm",
    "spine_angle",
    "arm_body_angle",
    "wrist_drop",
    "wrist_reach",
    "elbow_drop",
    "elbow_forward",
    "vis_shoulder",
    "vis_elbow",
    "vis_wrist",
    "torso_len",
    "w_sh_x",
    "w_sh_y",
    "w_wr_x",
    "w_wr_y"
  ],
  "mean": [
    0.6944783926010132,
    0.6171013116836548,
    0.47092366218566895,
    0.3852557837963104,
    1.6267577409744263,
    1.439967155456543,
    0.43831947445869446,
    0.5352258682250977,
    0.8958998322486877,
    -0.08113528043031693,
    0.23406998813152313,
    0.42711353302001953,
    0.5000553727149963,
    0.24983927607536316,
    0.14524520933628082,
    -2.0003146346425638e-05,
    0.30435559153556824,
    0.002444894751533866,
    0.8251870274543762,
    0.8249797224998474,
    0.8249610662460327,
    0.17376066744327545,
    0.32621973752975464,
    0.5138832926750183,
    -0.01201635506004095,
    -0.2639499306678772
  ],
  "std": [
    0.2620115876197815,
    0.20794296264648438,
    0.18590083718299866,
    0.178818941116333,
    0.5215761661529541,
    0.5389422178268433,
    0.2705274820327759,
    0.2907330095767975,
    0.5417187809944153,
    0.995987594127655,
    0.14468127489089966,
    0.2647069990634918,
    0.08340471237897873,
    0.22124235332012177,
    0.2976492941379547,
    0.42356786131858826,
    0.2876148223876953,
    0.33737272024154663,
    0.10099920630455017,
    0.10105708986520767,
    0.10090898722410202,
    0.03950135409832001,
    0.4094841182231903,
    0.44322606921195984,
    0.5210821628570557,
    0.5362687110900879
  ],
  "output_description": "Elbow angle in degrees [0, 180]. Model outputs sigmoid; multiply by 180."
}