{
  "version": 1,
  "feature_count": 16,
  "feature_names": [
    "spine_angle_norm",
    "torso_len",
    "cos_torso_thigh",
    "hip_knee_ankle_angle_l",
    "hip_knee_ankle_angle_r",
    "shoulder_width_over_torso",
    "hip_width_over_torso",
    "knee_drop_over_torso",
    "ankle_drop_over_torso",
    "nose_offset_over_torso",
    "shoulder_y_sep_over_torso",
    "hip_y_sep_over_torso",
    "vis_knee_min",
    "vis_hip_min",
    "vis_shoulder_min",
    "spine_z_depth"
  ],
  "mean": [
    0.48843061923980713,
    0.2553194463253021,
    0.49060794711112976,
    0.654653012752533,
    0.6292687654495239,
    0.447622686624527,
    0.2532977759838104,
    0.13032051920890808,
    0.4005395770072937,
    -0.5985831022262573,
    0.21555930376052856,
    0.15115433931350708,
    0.765420138835907,
    0.9959577322006226,
    0.9971157312393188,
    0.13878074288368225
  ],
  "std": [
    0.2670048177242279,
    0.06566961109638214,
    0.6321296095848083,
    0.31037637591362,
    0.31183797121047974,
    0.3450872302055359,
    0.2044677734375,
    0.5184852480888367,
    0.4803212285041809,
    0.38725075125694275,
    0.2658173143863678,
    0.17682866752147675,
    0.25230181217193604,
    0.011987417936325073,
    0.00941699743270874,
    0.15509024262428284
  ],
  "labels": [
    "standing",
    "sitting",
    "lying"
  ]
}