{
  "version": 3,
  "feature_set": "fit3d_v2",
  "feature_count": 38,
  "feature_names": [
    "ang2d_xy",
    "ang3d_xyz",
    "ang_xz",
    "ang_yz",
    "ua_len_2d",
    "fa_len_2d",
    "ua_len_3d",
    "fa_len_3d",
    "dz_share_ua",
    "dz_share_fa",
    "len_ratio_2d",
    "dz_sign_diff",
    "facing_ratio",
    "shoulder_w_norm",
    "hip_w_norm",
    "torso_dx_norm",
    "torso_dy_norm",
    "shoulder_depth_asym",
    "se_dx_2d",
    "se_dy_2d",
    "ew_dx_2d",
    "ew_dy_2d",
    "sw_dx_2d",
    "sw_dy_2d",
    "ua_body_x",
    "ua_body_y",
    "ua_body_z",
    "fa_body_x",
    "fa_body_y",
    "fa_body_z",
    "ang_body_yz",
    "ang_body_xy",
    "vis_shoulder",
    "vis_elbow",
    "vis_wrist",
    "pres_shoulder",
    "pres_elbow",
    "pres_wrist"
  ],
  "mean": [
    0.7581096291542053,
    0.7663581371307373,
    0.6000349521636963,
    0.7991162538528442,
    0.5463914275169373,
    0.4899691343307495,
    2.119083881378174,
    2.051800012588501,
    0.2779802083969116,
    0.4117121398448944,
    0.950316846370697,
    0.13212813436985016,
    0.24385015666484833,
    0.6627886295318604,
    0.3841741681098938,
    0.019158685579895973,
    -0.8583896160125732,
    0.07590972632169724,
    -0.010855874046683311,
    0.4083960950374603,
    0.0019375643460080028,
    0.23419547080993652,
    -0.008918361738324165,
    0.6425890326499939,
    -0.35280942916870117,
    -0.5164008736610413,
    0.28369632363319397,
    -0.025914454832673073,
    -0.18062043190002441,
    0.5099784731864929,
    0.20255720615386963,
    0.2568235397338867,
    0.9996250867843628,
    0.8825697898864746,
    0.8125191330909729,
    0.9996485710144043,
    0.9990785717964172,
    0.9989607930183411
  ],
  "std": [
    0.2906894385814667,
    0.14415912330150604,
    0.2331351935863495,
    0.1619534194469452,
    0.20944394171237946,
    0.2151908129453659,
    0.8673640489578247,
    0.8711172938346863,
    0.2349809855222702,
    0.25450247526168823,
    0.9713535308837891,
    0.9911739230155945,
    0.048700474202632904,
    0.21522580087184906,
    0.12433729320764542,
    0.3145940899848938,
    0.4049897789955139,
    0.4041910171508789,
    0.24663032591342926,
    0.33864110708236694,
    0.1962519735097885,
    0.4393310546875,
    0.34575799107551575,
    0.7301784157752991,
    0.26403573155403137,
    0.5577788352966309,
    0.38410305976867676,
    0.32027190923690796,
    0.7097324132919312,
    0.31675270199775696,
    0.15394160151481628,
    0.2833538353443146,
    0.0021446950268000364,
    0.239589124917984,
    0.2909342050552368,
    0.0022473405115306377,
    0.0054504587315022945,
    0.006767733953893185
  ],
  "output_description": "Residual correction in degrees. Model output is scaled residual; final_angle = ang3d_feature * 180 + output * 180. ang3d feature index: 1.",
  "holdout_subjects": [
    "s11"
  ],
  "loss": "huber",
  "residual_mode": true,
  "ang3d_feature_idx": 1,
  "consistency_weight": 0.5
}